{"Gibbs": {"ncomps": {"6": 2124.877252101898, "7": 2483.3644502162933, "8": 2799.8491237163544, "9": 3100.0881242752075}}, "HMC": {"ncomps": {"6": 2787.2257645130157, "7": 2577.129595518112, "8": 2140.679993391037, "9": 2375.5185601711273}}}