{"Gibbs": {"state": {"2": 788.898327589035, "4": 805.1451296806335, "6": 808.0071883201599, "8": 822.9123668670654, "10": 819.0711362361908}}, "HMC": {"state": {"2": 975.9394879341125, "4": 1496.2454102039337, "6": 1939.842411994934, "8": 2388.223774433136, "10": 3210.830079317093}}}