{"Gibbs": {"ncomps": {"2": 0.1724696159362793, "3": 0.17827844619750977, "4": 0.18007493019104004, "5": 0.18318867683410645}}, "HMC": {"ncomps": {"2": 139.84642910957336, "3": 130.0214228630066, "4": 128.31583666801453, "5": 138.1811695098877}}}