{"Gibbs": {"state": {"2": 810.2776002883911, "4": 826.9528377056122, "6": 832.6011843681335, "8": 827.8786995410919, "10": 835.281708240509}}, "HMC": {"state": {"2": 1177.4523949623108, "4": 1464.9462370872498, "6": 1959.8255589008331, "8": 2859.215449333191, "10": 3404.730881214142}}}