{"Gibbs": {"ncomps": {"2": 812.746720790863, "3": 1159.4785692691803, "4": 1466.9645445346832, "5": 1837.9577088356018}}, "HMC": {"ncomps": {"2": 1635.397253036499, "3": 2131.4036917686462, "4": 2209.598275899887, "5": 1995.52969956398}}}