{"Gibbs": {"ncomps": {"2": 827.8508949279785, "3": 1173.7729411125183, "4": 1506.6586456298828, "5": 1836.5853188037872}}, "HMC": {"ncomps": {"2": 1983.6762235164642, "3": 2274.6045215129852, "4": 1925.370265007019, "5": 2017.6424882411957}}}