{"Gibbs": {"ncomps": {"6": 2112.274941444397, "7": 2468.150698661804, "8": 2796.4642531871796, "9": 3110.024479866028}}, "HMC": {"ncomps": {"6": 3028.031541824341, "7": 2765.5724029541016, "8": 2720.3912847042084, "9": 2527.330939054489}}}