{"Gibbs": {"ncomps": {"2": 824.6435797214508, "3": 1171.781819820404, "4": 1473.8392822742462, "5": 1812.2680597305298}}, "HMC": {"ncomps": {"2": 1803.1499772071838, "3": 2028.5560231208801, "4": 2010.5060544013977, "5": 1828.8761751651764}}}