{"Gibbs": {"ncomps": {"2": 0.17276239395141602, "3": 0.17290306091308594, "4": 0.17659759521484375, "5": 0.17940258979797363}}, "HMC": {"ncomps": {"2": 129.24570417404175, "3": 128.50885462760925, "4": 124.89790654182434, "5": 129.60881900787354}}}