{"Gibbs": {"state": {"2": 845.4464237689972, "4": 867.6292650699615, "6": 870.5716950893402, "8": 877.7789959907532, "10": 874.637243270874}}, "HMC": {"state": {"2": 1172.369286775589, "4": 1499.339749097824, "6": 2131.2081365585327, "8": 3164.368133544922, "10": 3716.452511548996}}}