{"Gibbs": {"state": {"2": 814.3555262088776, "4": 836.0438776016235, "6": 833.921464920044, "8": 837.2079153060913, "10": 838.3752715587616}}, "HMC": {"state": {"2": 1086.1126246452332, "4": 1844.485050201416, "6": 2496.5731749534607, "8": 3587.258175134659, "10": 4461.837332487106}}}