{"Gibbs": {"ncomps": {"6": 2112.696657896042, "7": 2463.071615219116, "8": 2791.112947702408, "9": 3123.380932331085}}, "HMC": {"ncomps": {"6": 2659.1419751644135, "7": 2144.051336288452, "8": 2126.5546152591705, "9": 2417.416839838028}}}