{"Gibbs": {"ncomps": {"2": 828.976984500885, "3": 1180.2179214954376, "4": 1497.549748659134, "5": 1854.9287946224213}}, "HMC": {"ncomps": {"2": 1706.3863472938538, "3": 2011.9170880317688, "4": 1981.6333825588226, "5": 1916.259170293808}}}