{"Gibbs": {"ncomps": {"2": 831.1372814178467, "3": 1180.543382883072, "4": 1497.1939759254456, "5": 1825.5089147090912}}, "HMC": {"ncomps": {"2": 2004.095418214798, "3": 2404.8603620529175, "4": 1934.6402370929718, "5": 1973.5480706691742}}}