{"Gibbs": {"ncomps": {"2": 0.18663692474365234, "3": 0.18521928787231445, "4": 0.18828296661376953, "5": 0.18859267234802246}}, "HMC": {"ncomps": {"2": 171.4565784931183, "3": 147.34070467948914, "4": 146.85446786880493, "5": 147.5750138759613}}}