{"Gibbs": {"state": {"2": 789.7053763866425, "4": 805.6951146125793, "6": 816.4563090801239, "8": 813.9439289569855, "10": 827.7491431236267}}, "HMC": {"state": {"2": 953.2900056838989, "4": 1472.7563934326172, "6": 1998.093178510666, "8": 2617.5756063461304, "10": 3103.4892287254333}}}