{"Gibbs": {"state": {"2": 823.8181068897247, "4": 837.7063882350922, "6": 839.0576767921448, "8": 842.9422221183777, "10": 855.8126831054688}}, "HMC": {"state": {"2": 895.2172210216522, "4": 1597.6927433013916, "6": 2021.5593032836914, "8": 3015.583287000656, "10": 3866.5742149353027}}}