{"Gibbs": {"ncomps": {"2": 830.8840653896332, "3": 1167.3717765808105, "4": 1524.5579717159271, "5": 1829.9176790714264}}, "HMC": {"ncomps": {"2": 1739.301602602005, "3": 1901.7478637695312, "4": 2111.690528154373, "5": 2038.9312987327576}}}